{"cameraMode":{"drawMode":0,"name":"Shaded","section":"Shading Mode"},"sceneLighting":true,"audioPlay":false,"sceneViewState":{"showFog":true,"showMaterialUpdate":false,"showSkybox":true,"showFlares":true,"showImageEffects":true,"showParticleSystems":true,"showVisualEffectGraphs":true,"m_FxEnabled":true},"in2DMode":false,"pivot":{"x":-23.073671340942384,"y":5.203001022338867,"z":-5.266204833984375},"rotation":{"x":-0.0024755580816417934,"y":0.9815210103988648,"z":-0.19111338257789613,"w":-0.01296395342797041},"size":23.098249435424806,"orthographic":false}