{"cameraMode":{"drawMode":0,"name":"Shaded","section":"Shading Mode"},"sceneLighting":true,"audioPlay":false,"sceneViewState":{"showFog":true,"showMaterialUpdate":false,"showSkybox":true,"showFlares":true,"showImageEffects":true,"showParticleSystems":true,"showVisualEffectGraphs":true,"m_FxEnabled":true},"in2DMode":false,"pivot":{"x":493.31634521484377,"y":566.4409790039063,"z":-108.16497802734375},"rotation":{"x":0.29245632886886599,"y":0.45078039169311526,"z":-0.15894441306591035,"w":0.8283471465110779},"size":369.94232177734377,"orthographic":false}