{"cameraMode":{"drawMode":0,"name":"Shaded","section":"Shading Mode"},"sceneLighting":true,"audioPlay":false,"sceneViewState":{"showFog":true,"showMaterialUpdate":false,"showSkybox":true,"showFlares":true,"showImageEffects":true,"showParticleSystems":true,"showVisualEffectGraphs":true,"m_FxEnabled":true},"in2DMode":false,"pivot":{"x":-0.9472119212150574,"y":2.564861297607422,"z":-2.3261337280273439},"rotation":{"x":0.0001546616986161098,"y":0.9389686584472656,"z":-0.34413963556289675,"w":0.00026396146859042346},"size":27.4196834564209,"orthographic":false}