{"cameraMode":{"drawMode":0,"name":"Shaded","section":"Shading Mode"},"sceneLighting":true,"audioPlay":false,"sceneViewState":{"showFog":true,"showMaterialUpdate":false,"showSkybox":true,"showFlares":true,"showImageEffects":true,"showParticleSystems":true,"showVisualEffectGraphs":true,"m_FxEnabled":true},"in2DMode":false,"pivot":{"x":3.8070907592773439,"y":-0.36040496826171877,"z":10.667068481445313},"rotation":{"x":0.24729526042938233,"y":0.08305100351572037,"z":-0.02119273506104946,"w":0.965216875076294},"size":36.8104362487793,"orthographic":false}