{"cameraMode":{"drawMode":0,"name":"Shaded","section":"Shading Mode"},"sceneLighting":true,"audioPlay":false,"sceneViewState":{"showFog":true,"showMaterialUpdate":false,"showSkybox":true,"showFlares":true,"showImageEffects":true,"showParticleSystems":true,"showVisualEffectGraphs":true,"m_FxEnabled":true},"in2DMode":false,"pivot":{"x":2.1580801010131838,"y":9.980428695678711,"z":1.0002689361572266},"rotation":{"x":0.0470539927482605,"y":0.9472240805625916,"z":-0.16385334730148316,"w":0.27165183424949648},"size":16.903825759887697,"orthographic":false}