{"cameraMode":{"drawMode":0,"name":"Shaded","section":"Shading Mode"},"sceneLighting":true,"audioPlay":false,"sceneViewState":{"showFog":true,"showMaterialUpdate":false,"showSkybox":true,"showFlares":true,"showImageEffects":true,"showParticleSystems":true,"showVisualEffectGraphs":true,"m_FxEnabled":true},"in2DMode":false,"pivot":{"x":-3.2704265117645265,"y":3.492959976196289,"z":13.100425720214844},"rotation":{"x":0.22340740263462068,"y":-0.00991431251168251,"z":0.002352314768359065,"w":0.9747471213340759},"size":37.62510681152344,"orthographic":false}