{"cameraMode":{"drawMode":0,"name":"Shaded","section":"Shading Mode"},"sceneLighting":true,"audioPlay":false,"sceneViewState":{"showFog":true,"showMaterialUpdate":false,"showSkybox":true,"showFlares":true,"showImageEffects":true,"showParticleSystems":true,"showVisualEffectGraphs":true,"m_FxEnabled":true},"in2DMode":false,"pivot":{"x":0.2886608839035034,"y":4.278331756591797,"z":13.067272186279297},"rotation":{"x":0.18965555727481843,"y":0.009156704880297184,"z":-0.0016942621441558004,"w":0.9818804860115051},"size":36.624481201171878,"orthographic":false}