{"cameraMode":{"drawMode":0,"name":"Shaded","section":"Shading Mode"},"sceneLighting":false,"audioPlay":false,"sceneViewState":{"showFog":true,"showMaterialUpdate":false,"showSkybox":false,"showFlares":true,"showImageEffects":true,"showParticleSystems":true,"showVisualEffectGraphs":true,"m_FxEnabled":true},"in2DMode":false,"pivot":{"x":29.053531646728517,"y":1.9443645477294922,"z":3.2833430767059328},"rotation":{"x":-0.10060090571641922,"y":0.8756471276283264,"z":-0.20762383937835694,"w":-0.42428144812583926},"size":7.275762557983398,"orthographic":false}